Position,Wuhan,Delta,Omicron,Mutation
1,S,A,A,S→A/A
78,E,K,E,E→K/E
100,A,S,A,A→S/A
394,V,V,A,V→V/A
444,X,F,F,X→F/F
445,X,F,F,X→F/F
446,X,Y,Y,X→Y/Y
447,X,Y,Y,X→Y/Y
448,X,S,S,X→S/S
449,X,D,D,X→D/D
450,X,S,S,X→S/S
451,X,P,P,X→P/P
452,X,C,C,X→C/C
453,X,E,E,X→E/E
454,X,S,S,X→S/S
455,X,H,H,X→H/H
456,X,G,G,X→G/G
457,X,K,K,X→K/K
458,X,Q,Q,X→Q/Q
459,X,V,V,X→V/V
460,X,V,V,X→V/V
461,X,S,S,X→S/S
462,X,D,D,X→D/D
463,X,I,I,X→I/I
464,X,D,D,X→D/D
465,X,Y,Y,X→Y/Y
466,X,V,V,X→V/V
467,X,P,P,X→P/P
468,X,L,L,X→L/L
469,X,K,K,X→K/K
470,X,S,S,X→S/S
471,X,A,A,X→A/A
472,X,T,T,X→T/T
473,X,C,C,X→C/C
474,X,I,I,X→I/I
475,X,T,T,X→T/T
476,X,R,R,X→R/R
477,X,C,C,X→C/C
478,X,N,N,X→N/N
479,X,L,L,X→L/L
480,X,G,G,X→G/G
481,X,G,G,X→G/G
482,X,A,A,X→A/A
483,X,V,V,X→V/V
484,X,C,C,X→C/C
485,X,R,R,X→R/R
486,X,H,H,X→H/H
487,X,H,H,X→H/H
488,X,A,A,X→A/A
489,X,N,N,X→N/N
490,X,E,E,X→E/E
491,X,Y,Y,X→Y/Y
492,X,R,R,X→R/R
493,X,L,L,X→L/L
494,X,Y,Y,X→Y/Y
495,X,L,L,X→L/L
496,X,D,D,X→D/D
497,X,A,A,X→A/A
498,X,Y,Y,X→Y/Y
499,X,N,N,X→N/N
500,X,M,M,X→M/M
501,X,M,M,X→M/M
502,X,I,I,X→I/I
503,X,S,S,X→S/S
